<?xml version="1.0" encoding="UTF-8"?>

<configuration>
    <property>
        <name>rpc.schema.server.address</name>
        <value>admin-pc</value>
    </property>
    <property>
        <name>rpc.schema.server.port</name>
        <value>9510</value>
    </property>
    <property>
        <name>job.server.port</name>
        <value>5800</value>
    </property>
    <property>
        <name>job.server.maxLengthOfQueue</name>
        <value>10</value>
    </property>
    <property>
        <name>meta.data.server.port</name>
        <value>5700</value>
    </property>
    <property>
        <name>meta.data.server.maxLengthOfQueue</name>
        <value>10</value>
    </property>
    <property>
        <name>fs.default.name</name>
        <value>hdfs://localhost:9000</value>
    </property>
    <property>
        <name>spark.master</name>
        <value>spark://master:7077</value>
    </property>

    <property>
        <name>path.base</name>
        <value>HAOLAP-Test-Case/TEST_Sample_1</value>
    </property>
</configuration>