<operation>
	<type>select</type>
	<conditions>
		<condition>
			<dimensionName>Time</dimensionName>
			<levelName>day</levelName>
			<start>0</start>
			<end>1</end>
		</condition>
		<condition>
			<dimensionName>Area</dimensionName>
			<levelName>oneSixteenth</levelName>
			<start>0</start>
			<end>1</end>
		</condition>
		<condition>
			<dimensionName>Depth</dimensionName>
			<levelName>10m</levelName>
			<start>0</start>
			<end>499</end>
		</condition>
	</conditions> 
	<aggregation>sum</aggregation>
	<from>baseCube</from>
</operation>